"('grid4FR', 'U1D', 'MCTS', True)",1.0,2.792,"((0.17, 0.001), (0.92, 0.021), (0.92, 0.05), (0.92, 0.062), (1.0, 0.074), (1.0, 0.086), (1.0, 0.097), (1.0, 0.109), (1.0, 0.12), (1.0, 0.132), (1.0, 0.143), (1.0, 0.155), (1.0, 0.166), (1.0, 0.177), (1.0, 0.189), (1.0, 0.2), (1.0, 0.212), (1.0, 0.223), (1.0, 0.235), (1.0, 0.246), (1.0, 0.258), (1.0, 0.27), (1.0, 0.281), (1.0, 0.293), (1.0, 0.304), (1.0, 0.315), (1.0, 0.327), (1.0, 0.338), (1.0, 0.35), (1.0, 0.361), (1.0, 0.373), (1.0, 0.384), (1.0, 0.406), (1.0, 0.433), (1.0, 0.474), (1.0, 0.543), (1.0, 0.592), (1.0, 0.642), (1.0, 0.724), (1.0, 0.774), (1.0, 0.823), (1.0, 0.914), (1.0, 0.965), (1.0, 1.018), (1.0, 1.069), (1.0, 1.17), (1.0, 1.222), (1.0, 1.281), (1.0, 1.338), (1.0, 1.449), (1.0, 1.502), (1.0, 1.551), (1.0, 1.601), (1.0, 1.647), (1.0, 1.689), (1.0, 1.806), (1.0, 1.852), (1.0, 1.893), (1.0, 1.935), (1.0, 1.98), (1.0, 2.027), (1.0, 2.075), (1.0, 2.12), (1.0, 2.163), (1.0, 2.297), (1.0, 2.339), (1.0, 2.379), (1.0, 2.418), (1.0, 2.444), (1.0, 2.466), (1.0, 2.483), (1.0, 2.496), (1.0, 2.509), (1.0, 2.52), (1.0, 2.531), (1.0, 2.541), (1.0, 2.551), (1.0, 2.561), (1.0, 2.571), (1.0, 2.581), (1.0, 2.591), (1.0, 2.601), (1.0, 2.611), (1.0, 2.621), (1.0, 2.631), (1.0, 2.641), (1.0, 2.651), (1.0, 2.661), (1.0, 2.671), (1.0, 2.681), (1.0, 2.691), (1.0, 2.701), (1.0, 2.711), (1.0, 2.722), (1.0, 2.732), (1.0, 2.742), (1.0, 2.752), (1.0, 2.762), (1.0, 2.772), (1.0, 2.782), (1.0, 2.792))"
"('grid4FR', 'U1S', 'MCTS', True)",1.96,7.523,"((0.17, 0.004), (1.04, 0.061), (1.04, 0.172), (1.04, 0.193), (0.35, 0.214), (1.76, 0.234), (1.76, 0.254), (1.76, 0.275), (1.76, 0.296), (1.76, 0.316), (1.76, 0.337), (0.43, 0.358), (0.43, 0.378), (0.43, 0.4), (0.43, 0.422), (0.43, 0.444), (0.43, 0.464), (1.76, 0.485), (1.76, 0.505), (1.76, 0.526), (1.76, 0.546), (1.76, 0.566), (1.76, 0.587), (1.76, 0.607), (1.76, 0.629), (1.76, 0.649), (1.76, 0.67), (1.76, 0.691), (1.76, 0.712), (1.76, 0.732), (1.76, 0.752), (1.76, 0.774), (1.76, 0.809), (1.76, 0.883), (1.76, 1.029), (1.76, 1.2), (1.76, 1.376), (1.76, 1.551), (1.76, 1.726), (1.76, 1.902), (1.76, 2.325), (1.76, 2.499), (1.76, 2.673), (1.76, 2.849), (1.76, 3.062), (1.76, 3.237), (1.76, 3.41), (1.76, 3.584), (1.76, 3.759), (1.76, 3.986), (1.76, 4.16), (1.76, 4.335), (1.76, 4.511), (1.76, 4.688), (1.76, 4.865), (1.76, 5.043), (1.76, 5.283), (1.76, 5.46), (1.76, 5.639), (1.76, 5.818), (1.76, 5.997), (1.76, 6.171), (1.76, 6.345), (1.76, 6.519), (1.76, 6.761), (1.76, 6.88), (1.76, 6.95), (1.76, 6.968), (1.76, 6.986), (1.76, 7.002), (1.76, 7.018), (1.76, 7.034), (1.76, 7.05), (1.76, 7.068), (1.76, 7.084), (1.76, 7.101), (1.76, 7.118), (1.76, 7.136), (1.76, 7.152), (1.76, 7.17), (1.76, 7.186), (1.76, 7.204), (1.76, 7.221), (1.76, 7.238), (1.76, 7.255), (1.76, 7.271), (1.96, 7.288), (1.96, 7.305), (1.96, 7.322), (1.96, 7.338), (1.96, 7.354), (1.96, 7.372), (1.96, 7.389), (1.96, 7.407), (1.96, 7.423), (1.96, 7.439), (1.96, 7.457), (1.96, 7.473), (1.96, 7.49), (1.96, 7.507), (1.96, 7.523))"
"('grid4FR', 'U1S', 'BFS', True)",2.85,-,"((2.85, 60.009),)"
"('grid4FR', 'U1S', 'BNB', True)",2.85,-,"((2.85, 60.002),)"
"('grid4FR', 'U1D', 'MCTS', False)",1.48,1.137,"((0.17, 0.001), (0.92, 0.015), (0.92, 0.025), (0.92, 0.034), (0.92, 0.043), (0.92, 0.052), (0.92, 0.061), (0.92, 0.07), (0.92, 0.079), (0.92, 0.099), (0.92, 0.126), (0.92, 0.154), (0.92, 0.182), (1.02, 0.209), (1.02, 0.237), (1.02, 0.262), (1.02, 0.282), (1.02, 0.296), (1.02, 0.31), (1.02, 0.324), (1.02, 0.509), (1.02, 0.517), (1.02, 0.525), (1.02, 0.533), (1.02, 0.541), (1.02, 0.549), (1.02, 0.556), (1.02, 0.564), (1.02, 0.572), (1.02, 0.58), (1.02, 0.588), (1.02, 0.595), (1.02, 0.603), (1.02, 0.611), (1.02, 0.619), (1.02, 0.626), (1.02, 0.634), (1.19, 0.642), (1.19, 0.65), (1.19, 0.659), (1.19, 0.666), (1.19, 0.674), (1.19, 0.683), (1.19, 0.691), (1.19, 0.699), (1.19, 0.707), (1.19, 0.715), (1.19, 0.722), (1.19, 0.73), (1.19, 0.738), (1.48, 0.746), (1.48, 0.754), (1.48, 0.762), (1.48, 0.77), (1.48, 0.777), (1.48, 0.785), (1.48, 0.793), (1.48, 0.801), (1.48, 0.809), (1.48, 0.818), (1.48, 0.826), (1.48, 0.833), (1.48, 0.841), (1.48, 0.849), (1.48, 0.857), (1.48, 0.865), (1.48, 0.872), (1.48, 0.88), (1.48, 0.888), (1.48, 0.896), (1.48, 0.904), (1.48, 0.911), (1.48, 0.919), (1.48, 0.927), (1.48, 0.935), (1.48, 0.943), (1.48, 0.951), (1.48, 0.958), (1.48, 0.966), (1.48, 0.974), (1.48, 0.982), (1.48, 0.99), (1.48, 0.997), (1.48, 1.005), (1.48, 1.013), (1.48, 1.021), (1.48, 1.028), (1.48, 1.036), (1.48, 1.044), (1.48, 1.052), (1.48, 1.059), (1.48, 1.067), (1.48, 1.075), (1.48, 1.083), (1.48, 1.091), (1.48, 1.099), (1.48, 1.106), (1.48, 1.114), (1.48, 1.122), (1.48, 1.13), (1.48, 1.137))"
"('grid4FR', 'U1S', 'MCTS', False)",2.73,3.047,"((0.17, 0.003), (0.33, 0.078), (1.08, 0.103), (1.08, 0.129), (1.18, 0.155), (1.18, 0.181), (1.18, 0.207), (1.18, 0.233), (1.18, 0.261), (1.18, 0.354), (1.18, 0.494), (1.18, 0.633), (1.18, 0.772), (1.18, 0.911), (1.18, 1.049), (1.18, 1.188), (1.18, 1.319), (1.18, 1.434), (1.18, 1.453), (1.18, 1.472), (1.18, 1.491), (1.18, 1.51), (1.18, 1.529), (1.18, 1.549), (1.92, 1.569), (1.92, 1.59), (2.02, 1.61), (2.73, 1.63), (2.73, 1.649), (2.73, 1.669), (2.73, 1.688), (2.73, 1.708), (2.73, 1.728), (2.73, 1.747), (2.73, 1.766), (2.73, 1.786), (2.73, 1.805), (2.73, 1.824), (2.73, 1.843), (2.73, 1.863), (2.73, 1.882), (2.73, 1.901), (2.73, 1.921), (2.73, 1.94), (2.73, 1.959), (2.73, 1.979), (2.73, 1.998), (2.73, 2.017), (2.73, 2.037), (2.73, 2.057), (2.73, 2.076), (2.73, 2.095), (2.73, 2.115), (2.73, 2.134), (2.73, 2.153), (2.73, 2.173), (2.73, 2.192), (2.73, 2.212), (2.73, 2.231), (2.73, 2.25), (2.73, 2.27), (2.73, 2.289), (2.73, 2.308), (2.73, 2.327), (2.73, 2.347), (2.73, 2.367), (2.73, 2.386), (2.73, 2.406), (2.73, 2.425), (2.73, 2.444), (2.73, 2.464), (2.73, 2.483), (2.73, 2.503), (2.73, 2.522), (2.73, 2.542), (2.73, 2.561), (2.73, 2.58), (2.73, 2.6), (2.73, 2.619), (2.73, 2.639), (2.73, 2.658), (2.73, 2.678), (2.73, 2.697), (2.73, 2.717), (2.73, 2.736), (2.73, 2.756), (2.73, 2.775), (2.73, 2.795), (2.73, 2.814), (2.73, 2.834), (2.73, 2.853), (2.73, 2.872), (2.73, 2.892), (2.73, 2.911), (2.73, 2.931), (2.73, 2.95), (2.73, 2.969), (2.73, 2.989), (2.73, 3.009), (2.73, 3.028), (2.73, 3.047))"
"('grid4FR', 'U1S', 'BFS', False)",3.6,-,"((3.6, 60.012),)"
"('grid4FR', 'U1S', 'BNB', False)",3.51,-,"((3.51, 60.031),)"
"('grid3FR', 'U1D', 'MCTS', True)",1.21,1.591,"((0.43, 0.001), (0.43, 0.025), (0.43, 0.041), (0.43, 0.053), (0.43, 0.066), (0.84, 0.079), (0.84, 0.091), (0.84, 0.112), (0.84, 0.133), (0.84, 0.154), (0.84, 0.167), (0.84, 0.179), (0.84, 0.192), (0.84, 0.227), (0.84, 0.263), (0.84, 0.299), (0.84, 0.376), (0.84, 0.412), (0.84, 0.447), (0.84, 0.483), (0.84, 0.518), (0.84, 0.588), (0.84, 0.614), (0.84, 0.635), (0.84, 0.655), (0.84, 0.677), (0.84, 0.699), (0.84, 0.717), (0.84, 0.731), (0.84, 0.743), (0.84, 0.753), (0.84, 0.765), (0.84, 0.776), (0.84, 0.787), (0.84, 0.798), (1.23, 0.808), (1.23, 0.82), (1.23, 0.83), (1.23, 0.841), (1.23, 0.852), (1.23, 0.863), (1.23, 0.882), (1.23, 0.901), (1.23, 0.919), (1.23, 0.932), (1.23, 0.944), (1.23, 0.955), (1.23, 0.968), (1.23, 0.979), (1.23, 0.992), (1.23, 1.011), (1.23, 1.023), (1.23, 1.034), (1.23, 1.048), (1.23, 1.064), (1.23, 1.075), (1.23, 1.086), (1.23, 1.097), (1.23, 1.109), (1.23, 1.12), (1.23, 1.131), (1.23, 1.142), (1.23, 1.154), (1.21, 1.168), (1.21, 1.183), (1.21, 1.193), (1.21, 1.204), (1.21, 1.215), (1.21, 1.226), (1.21, 1.238), (1.21, 1.249), (1.21, 1.26), (1.21, 1.272), (1.21, 1.283), (1.21, 1.294), (1.21, 1.305), (1.21, 1.317), (1.21, 1.328), (1.21, 1.339), (1.21, 1.35), (1.21, 1.362), (1.21, 1.373), (1.21, 1.384), (1.21, 1.395), (1.21, 1.406), (1.21, 1.418), (1.21, 1.429), (1.21, 1.439), (1.21, 1.45), (1.21, 1.461), (1.21, 1.472), (1.21, 1.483), (1.21, 1.494), (1.21, 1.505), (1.21, 1.516), (1.21, 1.527), (1.21, 1.543), (1.21, 1.557), (1.21, 1.568), (1.21, 1.579), (1.21, 1.591))"
"('grid3FR', 'U1S', 'MCTS', True)",2.01,3.257,"((0.43, 0.003), (0.45, 0.086), (1.21, 0.114), (2.01, 0.136), (2.01, 0.16), (2.01, 0.183), (2.01, 0.206), (2.01, 0.229), (2.01, 0.253), (2.01, 0.283), (2.01, 0.317), (2.01, 0.341), (2.01, 0.372), (2.01, 0.485), (2.01, 0.593), (2.01, 0.835), (2.01, 0.943), (2.01, 1.05), (2.01, 1.161), (2.01, 1.269), (2.01, 1.378), (2.01, 1.485), (2.01, 1.592), (2.01, 1.73), (2.01, 1.792), (2.01, 1.811), (2.01, 1.83), (2.01, 1.849), (2.01, 1.868), (2.01, 1.886), (2.01, 1.907), (2.01, 1.926), (2.01, 1.945), (2.01, 1.964), (2.01, 1.984), (2.01, 2.002), (2.01, 2.021), (2.01, 2.041), (2.01, 2.06), (2.01, 2.078), (2.01, 2.097), (2.01, 2.117), (2.01, 2.135), (2.01, 2.153), (2.01, 2.172), (2.01, 2.191), (2.01, 2.21), (2.01, 2.229), (2.01, 2.247), (2.01, 2.266), (2.01, 2.285), (2.01, 2.302), (2.01, 2.322), (2.01, 2.34), (2.01, 2.36), (2.01, 2.386), (2.01, 2.403), (2.01, 2.424), (2.01, 2.442), (2.01, 2.461), (2.01, 2.48), (2.01, 2.499), (2.01, 2.517), (2.01, 2.536), (2.01, 2.555), (2.01, 2.573), (2.01, 2.591), (2.01, 2.609), (2.01, 2.629), (2.01, 2.647), (2.01, 2.665), (2.01, 2.683), (2.01, 2.703), (2.01, 2.722), (2.01, 2.741), (2.01, 2.762), (2.01, 2.781), (2.01, 2.799), (2.01, 2.819), (2.01, 2.839), (2.01, 2.858), (2.01, 2.883), (2.01, 2.903), (2.01, 2.922), (2.01, 2.941), (2.01, 2.961), (2.01, 2.979), (2.01, 2.998), (2.01, 3.017), (2.01, 3.037), (2.01, 3.055), (2.01, 3.074), (2.01, 3.094), (2.01, 3.113), (2.01, 3.133), (2.01, 3.152), (2.01, 3.172), (2.01, 3.195), (2.01, 3.215), (2.01, 3.235), (2.01, 3.257))"
"('grid3FR', 'U1S', 'BFS', True)",2.78,-,"((2.78, 60.022),)"
"('grid3FR', 'U1S', 'BNB', True)",2.78,-,"((2.78, 60.032),)"
"('grid3FR', 'U1D', 'MCTS', False)",1.23,1.806,"((0.43, 0.001), (1.21, 0.014), (1.21, 0.024), (1.21, 0.034), (1.21, 0.055), (1.23, 0.078), (1.23, 0.099), (1.23, 0.109), (1.23, 0.118), (1.23, 0.128), (1.23, 0.137), (1.23, 0.146), (1.23, 0.155), (1.23, 0.164), (1.23, 0.173), (1.23, 0.183), (1.23, 0.192), (1.23, 0.201), (1.23, 0.21), (1.23, 0.219), (1.23, 0.228), (1.23, 0.238), (1.23, 0.247), (1.23, 0.256), (1.23, 0.265), (1.23, 0.274), (1.23, 0.284), (1.23, 0.293), (1.23, 0.302), (1.23, 0.311), (1.23, 0.32), (1.23, 0.33), (1.23, 0.339), (1.23, 0.348), (1.23, 0.357), (1.23, 0.366), (1.23, 0.376), (1.23, 0.385), (1.23, 0.399), (1.23, 0.423), (1.23, 0.447), (1.23, 0.723), (1.23, 0.746), (1.23, 0.769), (1.23, 0.793), (1.23, 0.817), (1.23, 0.84), (1.23, 0.864), (1.23, 0.887), (1.23, 0.91), (1.23, 0.969), (1.23, 0.992), (1.23, 1.015), (1.23, 1.038), (1.23, 1.062), (1.23, 1.085), (1.23, 1.108), (1.23, 1.131), (1.23, 1.154), (1.23, 1.223), (1.23, 1.246), (1.23, 1.269), (1.23, 1.292), (1.23, 1.315), (1.23, 1.337), (1.23, 1.36), (1.23, 1.383), (1.23, 1.405), (1.23, 1.426), (1.23, 1.449), (1.23, 1.524), (1.23, 1.541), (1.23, 1.558), (1.23, 1.569), (1.23, 1.577), (1.23, 1.585), (1.23, 1.594), (1.23, 1.602), (1.23, 1.611), (1.23, 1.619), (1.23, 1.628), (1.23, 1.637), (1.23, 1.645), (1.23, 1.654), (1.23, 1.662), (1.23, 1.672), (1.23, 1.68), (1.23, 1.691), (1.23, 1.699), (1.23, 1.708), (1.23, 1.717), (1.23, 1.727), (1.23, 1.736), (1.23, 1.745), (1.23, 1.754), (1.23, 1.763), (1.23, 1.772), (1.23, 1.781), (1.23, 1.79), (1.23, 1.798), (1.23, 1.806))"
"('grid3FR', 'U1S', 'MCTS', False)",2.42,4.983,"((0.43, 0.002), (2.01, 0.051), (1.56, 0.082), (1.56, 0.114), (1.56, 0.203), (1.56, 0.298), (1.56, 0.392), (1.56, 0.417), (1.56, 0.441), (1.56, 0.466), (2.01, 0.492), (2.01, 0.517), (2.01, 0.543), (2.29, 0.568), (2.29, 0.593), (2.29, 0.619), (2.29, 0.644), (2.29, 0.67), (2.29, 0.695), (2.05, 0.721), (1.8, 0.746), (2.18, 0.771), (2.18, 0.797), (2.18, 0.822), (2.18, 0.848), (2.18, 0.873), (2.18, 0.898), (2.42, 0.924), (2.42, 0.949), (2.42, 0.974), (2.42, 1.0), (2.42, 1.025), (2.42, 1.051), (2.29, 1.076), (2.42, 1.101), (2.42, 1.127), (2.42, 1.153), (2.42, 1.178), (2.49, 1.226), (2.49, 1.318), (2.49, 1.409), (2.49, 1.5), (2.49, 1.592), (2.49, 1.684), (2.49, 1.775), (2.49, 1.867), (2.49, 1.958), (2.49, 2.049), (2.49, 2.142), (2.49, 2.233), (2.49, 2.325), (2.49, 2.416), (2.49, 2.647), (2.49, 2.736), (2.49, 2.824), (2.49, 2.913), (2.49, 3.002), (2.49, 3.09), (2.49, 3.179), (2.49, 3.267), (2.49, 3.355), (2.49, 3.443), (2.49, 3.531), (2.49, 3.619), (2.49, 3.707), (2.49, 3.795), (2.49, 3.884), (2.49, 4.022), (2.49, 4.11), (2.49, 4.198), (2.49, 4.286), (2.49, 4.375), (2.49, 4.462), (2.42, 4.496), (2.42, 4.514), (2.42, 4.532), (2.42, 4.55), (2.42, 4.568), (2.42, 4.586), (2.42, 4.604), (2.42, 4.622), (2.42, 4.64), (2.42, 4.658), (2.42, 4.676), (2.42, 4.694), (2.42, 4.712), (2.42, 4.73), (2.42, 4.748), (2.42, 4.766), (2.42, 4.784), (2.42, 4.802), (2.42, 4.82), (2.42, 4.838), (2.42, 4.856), (2.42, 4.874), (2.42, 4.892), (2.42, 4.91), (2.42, 4.929), (2.42, 4.947), (2.42, 4.965), (2.42, 4.983))"
"('grid3FR', 'U1S', 'BFS', False)",2.87,-,"((2.87, 60.01),)"
"('grid3FR', 'U1S', 'BNB', False)",2.87,-,"((2.87, 60.006),)"
"('grid4FR', 'U1D', 'MCTS', True)",0.35,2.796,"((0.17, 0.001), (1.05, 0.021), (1.05, 0.051), (0.17, 0.062), (0.17, 0.074), (0.17, 0.086), (1.17, 0.097), (1.17, 0.109), (1.17, 0.12), (1.17, 0.132), (1.17, 0.143), (1.17, 0.154), (1.17, 0.166), (1.17, 0.177), (1.99, 0.189), (1.99, 0.201), (1.99, 0.212), (1.99, 0.223), (1.99, 0.235), (1.99, 0.247), (1.99, 0.258), (1.99, 0.27), (1.99, 0.281), (1.99, 0.293), (1.99, 0.304), (1.09, 0.316), (1.09, 0.327), (1.09, 0.339), (1.09, 0.35), (1.09, 0.362), (1.09, 0.373), (1.09, 0.387), (1.09, 0.411), (1.09, 0.432), (1.09, 0.471), (1.09, 0.544), (1.09, 0.593), (1.09, 0.642), (1.48, 0.724), (1.48, 0.774), (1.48, 0.826), (1.48, 0.917), (1.48, 0.969), (1.48, 1.021), (1.48, 1.073), (1.48, 1.175), (1.48, 1.229), (1.48, 1.281), (1.48, 1.332), (1.48, 1.442), (1.48, 1.495), (1.48, 1.543), (1.48, 1.59), (1.48, 1.631), (1.48, 1.674), (1.48, 1.794), (1.48, 1.837), (1.48, 1.88), (1.48, 1.927), (1.48, 1.973), (1.48, 2.018), (1.48, 2.064), (1.48, 2.109), (1.48, 2.153), (1.48, 2.289), (1.48, 2.334), (1.48, 2.38), (0.35, 2.413), (0.35, 2.442), (0.35, 2.465), (0.35, 2.48), (0.35, 2.496), (0.35, 2.509), (0.35, 2.519), (0.35, 2.53), (0.35, 2.542), (0.35, 2.552), (0.35, 2.562), (0.35, 2.572), (0.35, 2.582), (0.35, 2.592), (0.35, 2.602), (0.35, 2.614), (0.35, 2.625), (0.35, 2.635), (0.35, 2.645), (0.35, 2.655), (0.35, 2.665), (0.35, 2.675), (0.35, 2.685), (0.35, 2.695), (0.35, 2.705), (0.35, 2.715), (0.35, 2.725), (0.35, 2.735), (0.35, 2.745), (0.35, 2.755), (0.35, 2.765), (0.35, 2.775), (0.35, 2.786), (0.35, 2.796))"
"('grid4FR', 'U1S', 'MCTS', True)",1.48,7.503,"((0.17, 0.004), (0.17, 0.064), (0.17, 0.173), (1.04, 0.194), (1.04, 0.215), (1.48, 0.237), (1.48, 0.258), (1.48, 0.279), (1.48, 0.3), (1.48, 0.322), (1.48, 0.342), (1.48, 0.363), (1.48, 0.384), (1.48, 0.406), (1.48, 0.427), (1.48, 0.449), (1.48, 0.47), (1.48, 0.49), (1.48, 0.512), (1.48, 0.532), (1.48, 0.553), (1.48, 0.573), (1.48, 0.595), (1.48, 0.616), (1.48, 0.638), (1.48, 0.66), (1.48, 0.681), (1.48, 0.703), (1.48, 0.723), (1.48, 0.747), (1.48, 0.768), (1.48, 0.789), (1.48, 0.826), (1.48, 0.901), (1.48, 1.045), (1.48, 1.219), (1.48, 1.394), (1.48, 1.567), (1.48, 1.745), (1.48, 1.921), (1.48, 2.343), (1.48, 2.515), (1.48, 2.686), (1.48, 2.856), (1.48, 3.068), (1.48, 3.24), (1.48, 3.419), (1.48, 3.591), (1.48, 3.764), (1.48, 3.989), (1.48, 4.165), (1.48, 4.34), (1.48, 4.517), (1.48, 4.695), (1.48, 4.879), (1.48, 5.057), (1.48, 5.297), (1.48, 5.473), (1.48, 5.645), (1.48, 5.819), (1.48, 5.994), (1.48, 6.165), (1.48, 6.332), (1.48, 6.504), (1.48, 6.741), (1.48, 6.868), (1.48, 6.938), (1.48, 6.958), (1.48, 6.975), (1.48, 6.992), (1.48, 7.009), (1.48, 7.025), (1.48, 7.041), (1.48, 7.058), (1.48, 7.074), (1.48, 7.09), (1.48, 7.108), (1.48, 7.125), (1.48, 7.141), (1.48, 7.157), (1.48, 7.173), (1.48, 7.19), (1.48, 7.205), (1.48, 7.222), (1.48, 7.238), (1.48, 7.256), (1.48, 7.272), (1.48, 7.287), (1.48, 7.304), (1.48, 7.322), (1.48, 7.338), (1.48, 7.355), (1.48, 7.371), (1.48, 7.388), (1.48, 7.404), (1.48, 7.42), (1.48, 7.436), (1.48, 7.452), (1.48, 7.469), (1.48, 7.487), (1.48, 7.503))"
"('grid4FR', 'U1S', 'BFS', True)",2.85,-,"((2.85, 60.046),)"
"('grid4FR', 'U1S', 'BNB', True)",2.85,-,"((2.85, 60.015),)"
"('grid4FR', 'U1D', 'MCTS', False)",1.99,1.134,"((0.17, 0.001), (0.35, 0.016), (1.08, 0.026), (1.08, 0.036), (1.08, 0.044), (1.08, 0.053), (1.08, 0.062), (1.08, 0.071), (1.17, 0.08), (1.17, 0.101), (1.17, 0.128), (1.17, 0.155), (1.17, 0.183), (1.17, 0.388), (1.17, 0.415), (1.17, 0.44), (1.17, 0.461), (1.17, 0.474), (1.17, 0.488), (1.48, 0.5), (1.48, 0.51), (1.48, 0.518), (1.48, 0.526), (1.48, 0.534), (1.48, 0.542), (1.48, 0.55), (1.48, 0.557), (1.48, 0.565), (1.48, 0.573), (1.48, 0.581), (1.48, 0.588), (1.48, 0.596), (1.48, 0.604), (1.48, 0.612), (1.48, 0.619), (1.48, 0.627), (1.48, 0.635), (1.48, 0.643), (1.48, 0.65), (1.48, 0.658), (1.48, 0.666), (1.48, 0.674), (1.48, 0.682), (1.48, 0.689), (1.48, 0.697), (1.48, 0.705), (1.48, 0.713), (1.48, 0.721), (1.48, 0.729), (1.48, 0.737), (1.48, 0.744), (1.48, 0.752), (1.48, 0.76), (1.48, 0.768), (1.48, 0.775), (1.48, 0.783), (1.48, 0.791), (1.48, 0.799), (1.48, 0.806), (1.48, 0.814), (1.25, 0.822), (1.6, 0.83), (1.6, 0.837), (1.6, 0.845), (1.6, 0.853), (1.6, 0.861), (1.6, 0.869), (1.6, 0.876), (1.6, 0.884), (1.6, 0.892), (1.6, 0.9), (1.6, 0.908), (1.6, 0.916), (1.99, 0.923), (1.99, 0.931), (1.99, 0.939), (1.99, 0.947), (1.99, 0.955), (1.99, 0.962), (1.99, 0.97), (1.99, 0.978), (1.99, 0.986), (1.99, 0.994), (1.99, 1.001), (1.99, 1.009), (1.99, 1.017), (1.99, 1.025), (1.99, 1.033), (1.99, 1.041), (1.99, 1.048), (1.99, 1.056), (1.99, 1.064), (1.99, 1.072), (1.99, 1.08), (1.99, 1.087), (1.99, 1.095), (1.99, 1.103), (1.99, 1.111), (1.99, 1.118), (1.99, 1.126), (1.99, 1.134))"
"('grid4FR', 'U1S', 'MCTS', False)",2.45,3.033,"((0.17, 0.003), (1.04, 0.08), (1.78, 0.106), (1.78, 0.132), (1.78, 0.158), (1.78, 0.184), (1.78, 0.21), (1.78, 0.236), (1.26, 0.262), (1.78, 0.359), (1.78, 0.499), (1.78, 0.677), (1.78, 0.814), (1.78, 0.952), (1.78, 1.089), (1.78, 1.226), (1.78, 1.364), (1.78, 1.428), (1.78, 1.447), (1.78, 1.466), (1.78, 1.485), (1.78, 1.505), (1.78, 1.524), (1.78, 1.543), (1.78, 1.562), (2.73, 1.582), (2.73, 1.601), (2.73, 1.621), (2.73, 1.64), (2.73, 1.659), (2.73, 1.679), (2.73, 1.698), (2.73, 1.718), (2.73, 1.737), (2.73, 1.756), (2.73, 1.775), (2.73, 1.795), (2.73, 1.814), (2.73, 1.834), (2.73, 1.853), (2.73, 1.872), (2.73, 1.891), (2.73, 1.91), (2.73, 1.93), (2.73, 1.949), (2.73, 1.968), (2.73, 1.988), (2.73, 2.007), (2.73, 2.026), (2.73, 2.045), (2.73, 2.065), (2.73, 2.084), (2.73, 2.104), (2.73, 2.123), (2.73, 2.143), (2.73, 2.162), (2.73, 2.182), (2.73, 2.201), (2.73, 2.22), (2.73, 2.24), (2.73, 2.259), (2.73, 2.278), (2.73, 2.298), (2.73, 2.317), (2.73, 2.336), (2.73, 2.356), (2.73, 2.375), (2.73, 2.394), (2.73, 2.414), (2.73, 2.433), (2.85, 2.453), (2.85, 2.472), (2.85, 2.491), (2.85, 2.51), (2.83, 2.53), (2.83, 2.549), (2.83, 2.568), (2.83, 2.588), (2.83, 2.607), (2.83, 2.626), (2.83, 2.646), (2.83, 2.665), (2.83, 2.685), (2.83, 2.704), (2.83, 2.723), (2.45, 2.742), (2.45, 2.762), (2.45, 2.781), (2.45, 2.801), (2.45, 2.82), (2.45, 2.839), (2.45, 2.859), (2.45, 2.878), (2.45, 2.898), (2.45, 2.917), (2.45, 2.936), (2.45, 2.956), (2.45, 2.975), (2.45, 2.994), (2.45, 3.014), (2.45, 3.033))"
"('grid4FR', 'U1S', 'BFS', False)",3.6,-,"((3.6, 60.012),)"
"('grid4FR', 'U1S', 'BNB', False)",3.51,-,"((3.51, 60.008),)"
"('grid3FR', 'U1D', 'MCTS', True)",1.23,1.526,"((0.43, 0.001), (1.23, 0.021), (0.43, 0.035), (0.43, 0.047), (0.43, 0.059), (0.43, 0.072), (0.43, 0.084), (0.43, 0.096), (0.43, 0.109), (0.43, 0.121), (0.43, 0.133), (0.43, 0.145), (0.43, 0.158), (0.43, 0.243), (0.43, 0.279), (0.43, 0.315), (0.43, 0.351), (0.43, 0.387), (0.43, 0.454), (0.43, 0.49), (0.43, 0.525), (0.43, 0.557), (0.43, 0.583), (0.43, 0.603), (0.43, 0.62), (0.43, 0.643), (0.43, 0.708), (0.43, 0.725), (0.43, 0.739), (0.43, 0.752), (0.43, 0.764), (0.43, 0.774), (0.43, 0.785), (1.23, 0.796), (1.23, 0.807), (1.23, 0.818), (1.23, 0.829), (1.23, 0.84), (1.23, 0.851), (1.23, 0.861), (1.23, 0.872), (1.23, 0.883), (1.23, 0.894), (1.23, 0.905), (1.23, 0.916), (1.23, 0.927), (1.23, 0.938), (1.23, 0.949), (1.23, 0.959), (1.23, 0.97), (1.23, 0.981), (1.23, 0.992), (1.23, 1.003), (1.23, 1.014), (1.23, 1.025), (1.23, 1.036), (1.23, 1.047), (1.23, 1.058), (1.23, 1.068), (1.23, 1.08), (1.23, 1.091), (1.23, 1.102), (1.23, 1.112), (1.23, 1.123), (1.23, 1.134), (1.23, 1.145), (1.23, 1.156), (1.23, 1.167), (1.23, 1.178), (1.23, 1.189), (1.23, 1.2), (1.23, 1.211), (1.23, 1.222), (1.23, 1.232), (1.23, 1.243), (1.23, 1.254), (1.23, 1.265), (1.23, 1.276), (1.23, 1.287), (1.23, 1.298), (1.23, 1.309), (1.23, 1.32), (1.23, 1.331), (1.23, 1.341), (1.23, 1.352), (1.23, 1.363), (1.23, 1.374), (1.23, 1.385), (1.23, 1.396), (1.23, 1.407), (1.23, 1.418), (1.23, 1.429), (1.23, 1.439), (1.23, 1.45), (1.23, 1.461), (1.23, 1.472), (1.23, 1.483), (1.23, 1.494), (1.23, 1.505), (1.23, 1.516), (1.23, 1.526))"
"('grid3FR', 'U1S', 'MCTS', True)",2.25,3.104,"((0.43, 0.003), (1.21, 0.068), (1.21, 0.09), (1.14, 0.113), (1.71, 0.135), (1.62, 0.159), (1.62, 0.182), (1.62, 0.204), (1.62, 0.227), (1.62, 0.249), (1.62, 0.271), (1.62, 0.295), (1.62, 0.322), (1.62, 0.427), (1.62, 0.54), (1.62, 0.648), (1.62, 0.754), (1.62, 0.863), (1.62, 0.969), (1.62, 1.161), (1.62, 1.269), (1.62, 1.379), (1.62, 1.486), (1.62, 1.606), (1.62, 1.669), (1.62, 1.688), (1.62, 1.707), (1.36, 1.727), (1.36, 1.746), (1.36, 1.765), (1.36, 1.785), (1.36, 1.805), (1.36, 1.824), (1.36, 1.844), (1.36, 1.863), (1.36, 1.882), (1.36, 1.901), (1.36, 1.919), (1.36, 1.938), (1.36, 1.957), (1.36, 1.976), (1.36, 1.995), (1.36, 2.014), (1.36, 2.032), (1.36, 2.05), (1.36, 2.069), (1.36, 2.089), (1.36, 2.107), (1.36, 2.127), (1.36, 2.146), (1.36, 2.164), (1.36, 2.183), (1.36, 2.203), (1.36, 2.222), (1.36, 2.24), (1.36, 2.259), (1.36, 2.278), (1.36, 2.297), (1.36, 2.318), (1.36, 2.336), (1.36, 2.355), (1.36, 2.373), (1.36, 2.391), (1.36, 2.41), (1.36, 2.428), (1.88, 2.447), (1.88, 2.465), (1.88, 2.484), (1.88, 2.502), (1.88, 2.521), (1.88, 2.539), (1.88, 2.559), (2.25, 2.578), (2.25, 2.598), (2.25, 2.616), (2.25, 2.636), (2.25, 2.655), (2.25, 2.674), (2.25, 2.693), (2.25, 2.712), (2.25, 2.732), (2.25, 2.75), (2.25, 2.769), (2.25, 2.788), (2.25, 2.807), (2.25, 2.824), (2.25, 2.842), (2.25, 2.86), (2.25, 2.879), (2.25, 2.898), (2.25, 2.916), (2.25, 2.935), (2.25, 2.953), (2.25, 2.971), (2.25, 2.99), (2.25, 3.01), (2.25, 3.029), (2.25, 3.048), (2.25, 3.068), (2.25, 3.086), (2.25, 3.104))"
"('grid3FR', 'U1S', 'BFS', True)",2.78,-,"((2.78, 60.008),)"
"('grid3FR', 'U1S', 'BNB', True)",2.78,-,"((2.78, 60.008),)"
"('grid3FR', 'U1D', 'MCTS', False)",1.23,1.8,"((0.43, 0.001), (0.56, 0.015), (0.56, 0.025), (0.56, 0.036), (0.56, 0.058), (0.56, 0.081), (0.56, 0.102), (0.56, 0.111), (1.21, 0.122), (1.21, 0.131), (1.21, 0.14), (1.21, 0.149), (1.21, 0.158), (1.21, 0.168), (1.36, 0.177), (1.36, 0.186), (1.36, 0.195), (1.36, 0.204), (1.36, 0.214), (1.36, 0.223), (1.36, 0.232), (1.36, 0.241), (1.36, 0.25), (0.63, 0.259), (0.63, 0.269), (0.63, 0.278), (0.63, 0.287), (0.63, 0.296), (0.63, 0.306), (0.63, 0.315), (0.63, 0.324), (0.63, 0.333), (0.63, 0.342), (0.63, 0.352), (0.63, 0.361), (0.63, 0.37), (0.63, 0.379), (0.63, 0.389), (0.63, 0.403), (0.63, 0.427), (0.63, 0.452), (0.63, 0.475), (0.63, 0.5), (0.63, 0.524), (0.63, 0.547), (0.63, 0.571), (0.63, 0.595), (0.63, 0.62), (0.63, 0.644), (0.63, 0.668), (0.63, 0.957), (0.63, 0.981), (0.63, 1.004), (0.84, 1.028), (0.84, 1.051), (0.84, 1.074), (0.84, 1.098), (0.84, 1.121), (0.84, 1.144), (0.84, 1.212), (0.84, 1.236), (0.84, 1.259), (0.84, 1.282), (0.84, 1.305), (0.84, 1.329), (0.84, 1.351), (0.84, 1.374), (0.84, 1.397), (0.84, 1.42), (0.84, 1.444), (0.84, 1.521), (0.84, 1.537), (0.84, 1.555), (0.84, 1.565), (0.84, 1.572), (0.84, 1.58), (0.84, 1.588), (0.84, 1.597), (0.84, 1.606), (0.84, 1.615), (0.84, 1.624), (0.84, 1.634), (0.84, 1.642), (0.84, 1.651), (0.84, 1.66), (0.84, 1.668), (0.84, 1.677), (0.84, 1.686), (0.84, 1.696), (0.84, 1.705), (0.84, 1.714), (0.84, 1.723), (0.84, 1.732), (0.84, 1.741), (0.84, 1.751), (0.84, 1.76), (1.23, 1.768), (1.23, 1.776), (1.23, 1.784), (1.23, 1.792), (1.23, 1.8))"
"('grid3FR', 'U1S', 'MCTS', False)",2.42,5.072,"((0.43, 0.002), (1.23, 0.056), (1.93, 0.087), (1.93, 0.119), (1.93, 0.209), (1.93, 0.306), (1.93, 0.402), (1.93, 0.427), (1.93, 0.453), (2.53, 0.478), (2.53, 0.504), (2.53, 0.529), (2.03, 0.555), (2.03, 0.58), (2.03, 0.606), (2.24, 0.631), (2.24, 0.657), (2.24, 0.682), (2.24, 0.708), (2.24, 0.734), (2.24, 0.759), (2.24, 0.785), (2.24, 0.81), (2.24, 0.836), (2.24, 0.861), (2.24, 0.887), (2.24, 0.913), (2.24, 0.94), (2.42, 0.965), (2.42, 0.991), (2.42, 1.017), (2.42, 1.042), (2.42, 1.068), (2.42, 1.095), (2.42, 1.122), (2.42, 1.148), (2.42, 1.173), (2.42, 1.199), (2.49, 1.248), (2.49, 1.341), (2.49, 1.434), (2.49, 1.528), (2.49, 1.621), (2.49, 1.714), (2.49, 1.808), (2.49, 1.901), (2.49, 1.994), (2.49, 2.087), (2.49, 2.18), (2.49, 2.273), (2.49, 2.503), (2.49, 2.597), (2.49, 2.69), (2.49, 2.783), (2.49, 2.876), (2.49, 2.968), (2.49, 3.061), (2.49, 3.153), (2.49, 3.247), (2.49, 3.34), (2.49, 3.434), (2.49, 3.527), (2.49, 3.619), (2.49, 3.708), (2.49, 3.798), (2.49, 3.919), (2.49, 4.009), (2.49, 4.098), (2.49, 4.189), (2.49, 4.28), (2.49, 4.369), (2.49, 4.459), (2.49, 4.549), (2.42, 4.581), (2.42, 4.601), (2.42, 4.619), (2.42, 4.637), (2.42, 4.655), (2.42, 4.673), (2.42, 4.692), (2.42, 4.71), (2.42, 4.728), (2.42, 4.746), (2.42, 4.764), (2.42, 4.782), (2.42, 4.8), (2.42, 4.818), (2.42, 4.837), (2.42, 4.855), (2.42, 4.873), (2.42, 4.891), (2.42, 4.909), (2.42, 4.928), (2.42, 4.946), (2.42, 4.964), (2.42, 4.982), (2.42, 5.0), (2.42, 5.018), (2.42, 5.037), (2.42, 5.055), (2.42, 5.072))"
"('grid3FR', 'U1S', 'BFS', False)",2.87,-,"((2.87, 60.009),)"
"('grid3FR', 'U1S', 'BNB', False)",2.87,-,"((2.87, 60.013),)"
"('grid4FR', 'U1D', 'MCTS', True)",1.76,2.858,"((0.17, 0.001), (0.41, 0.021), (0.17, 0.058), (1.11, 0.072), (1.11, 0.085), (1.11, 0.097), (1.05, 0.108), (1.05, 0.12), (1.05, 0.131), (1.05, 0.143), (1.05, 0.154), (1.05, 0.166), (1.05, 0.177), (1.05, 0.189), (1.05, 0.201), (1.05, 0.212), (1.05, 0.224), (1.05, 0.236), (1.05, 0.247), (1.05, 0.259), (1.05, 0.271), (1.05, 0.282), (1.05, 0.294), (1.05, 0.305), (1.05, 0.317), (1.05, 0.329), (1.05, 0.34), (1.05, 0.353), (0.43, 0.365), (0.43, 0.376), (0.43, 0.388), (1.3, 0.404), (1.3, 0.421), (1.3, 0.448), (1.3, 0.493), (1.3, 0.563), (1.09, 0.612), (1.09, 0.663), (1.09, 0.748), (1.09, 0.797), (1.09, 0.848), (1.09, 0.939), (1.09, 0.991), (1.09, 1.044), (1.09, 1.097), (1.09, 1.199), (1.09, 1.251), (1.09, 1.303), (1.09, 1.355), (1.09, 1.472), (1.09, 1.523), (1.09, 1.576), (1.09, 1.627), (1.09, 1.675), (1.09, 1.723), (1.09, 1.837), (1.09, 1.877), (1.09, 1.915), (1.09, 1.958), (1.09, 2.004), (1.09, 2.048), (1.09, 2.097), (1.76, 2.143), (1.76, 2.189), (1.76, 2.331), (1.76, 2.382), (1.76, 2.429), (1.76, 2.467), (1.76, 2.497), (1.76, 2.516), (1.76, 2.53), (1.76, 2.541), (1.76, 2.552), (1.76, 2.562), (1.76, 2.573), (1.76, 2.584), (1.76, 2.596), (1.76, 2.606), (1.76, 2.619), (1.76, 2.64), (1.76, 2.65), (1.76, 2.661), (1.76, 2.671), (1.76, 2.681), (1.76, 2.692), (1.76, 2.704), (1.76, 2.714), (1.76, 2.724), (1.76, 2.734), (1.76, 2.744), (1.76, 2.755), (1.76, 2.765), (1.76, 2.776), (1.76, 2.786), (1.76, 2.796), (1.76, 2.807), (1.76, 2.817), (1.76, 2.827), (1.76, 2.838), (1.76, 2.848), (1.76, 2.858))"
"('grid4FR', 'U1S', 'MCTS', True)",1.58,8.133,"((0.17, 0.005), (0.73, 0.07), (1.02, 0.193), (1.02, 0.213), (1.02, 0.239), (1.02, 0.262), (1.02, 0.284), (1.02, 0.304), (1.02, 0.334), (1.02, 0.36), (1.02, 0.385), (1.02, 0.406), (1.02, 0.43), (1.02, 0.453), (0.39, 0.477), (0.39, 0.51), (0.39, 0.545), (0.39, 0.566), (1.19, 0.589), (1.19, 0.612), (1.19, 0.637), (1.19, 0.661), (1.19, 0.685), (1.02, 0.711), (1.02, 0.742), (1.02, 0.765), (1.02, 0.813), (1.02, 0.862), (1.02, 0.896), (1.02, 0.92), (1.02, 0.942), (1.02, 0.969), (1.02, 1.015), (1.02, 1.093), (1.02, 1.27), (1.02, 1.48), (1.02, 1.69), (1.02, 1.895), (1.02, 2.104), (1.02, 2.305), (1.02, 2.783), (1.02, 2.958), (1.02, 3.14), (1.02, 3.321), (1.02, 3.553), (1.02, 3.723), (1.02, 3.916), (1.02, 4.124), (1.02, 4.31), (1.02, 4.54), (1.02, 4.75), (1.02, 4.929), (1.02, 5.108), (1.02, 5.308), (1.02, 5.484), (1.02, 5.661), (1.02, 5.909), (1.02, 6.087), (1.02, 6.262), (1.02, 6.434), (1.02, 6.612), (1.02, 6.788), (1.02, 6.961), (1.02, 7.137), (1.02, 7.364), (1.02, 7.482), (1.02, 7.555), (1.02, 7.573), (1.02, 7.59), (1.02, 7.607), (1.02, 7.624), (1.02, 7.641), (1.02, 7.658), (1.02, 7.675), (1.02, 7.693), (1.02, 7.71), (1.02, 7.728), (1.02, 7.745), (1.58, 7.764), (1.58, 7.782), (1.58, 7.8), (1.58, 7.817), (1.58, 7.833), (1.58, 7.85), (1.58, 7.866), (1.58, 7.883), (1.58, 7.901), (1.58, 7.917), (1.58, 7.933), (1.58, 7.95), (1.58, 7.966), (1.58, 7.983), (1.58, 8.0), (1.58, 8.017), (1.58, 8.033), (1.58, 8.05), (1.58, 8.066), (1.58, 8.083), (1.58, 8.1), (1.58, 8.117), (1.58, 8.133))"
"('grid4FR', 'U1S', 'BFS', True)",2.85,-,"((2.85, 60.016),)"
"('grid4FR', 'U1S', 'BNB', True)",2.85,-,"((2.85, 60.014),)"
"('grid4FR', 'U1D', 'MCTS', False)",1.76,0.958,"((0.17, 0.001), (1.11, 0.015), (1.11, 0.025), (0.59, 0.034), (0.59, 0.043), (0.59, 0.052), (0.59, 0.061), (0.59, 0.07), (0.59, 0.079), (0.59, 0.099), (0.59, 0.126), (0.59, 0.154), (1.09, 0.182), (1.09, 0.209), (1.79, 0.236), (1.79, 0.262), (1.79, 0.287), (1.79, 0.301), (1.79, 0.312), (1.17, 0.324), (1.17, 0.334), (1.17, 0.343), (1.17, 0.351), (1.17, 0.359), (1.17, 0.366), (1.17, 0.374), (1.17, 0.382), (1.17, 0.389), (1.17, 0.397), (1.17, 0.405), (1.17, 0.413), (1.17, 0.42), (1.17, 0.428), (1.17, 0.436), (1.17, 0.443), (1.17, 0.451), (1.17, 0.459), (1.17, 0.467), (1.17, 0.474), (1.17, 0.482), (1.17, 0.49), (1.17, 0.497), (1.17, 0.505), (1.17, 0.513), (1.17, 0.521), (1.17, 0.529), (1.17, 0.536), (1.17, 0.544), (1.17, 0.552), (1.17, 0.559), (1.17, 0.567), (1.17, 0.575), (1.17, 0.582), (1.17, 0.59), (1.17, 0.598), (1.17, 0.606), (1.17, 0.613), (1.17, 0.621), (1.17, 0.629), (1.17, 0.637), (1.17, 0.644), (1.17, 0.652), (1.6, 0.66), (1.6, 0.668), (1.6, 0.676), (1.6, 0.683), (1.67, 0.691), (1.67, 0.699), (1.67, 0.707), (1.67, 0.715), (1.67, 0.725), (1.67, 0.732), (1.67, 0.74), (1.67, 0.748), (1.67, 0.756), (1.67, 0.763), (1.67, 0.771), (1.67, 0.779), (1.67, 0.787), (1.67, 0.794), (1.76, 0.802), (1.76, 0.81), (1.76, 0.818), (1.76, 0.825), (1.76, 0.833), (1.76, 0.841), (1.76, 0.849), (1.76, 0.856), (1.76, 0.864), (1.76, 0.872), (1.76, 0.88), (1.76, 0.887), (1.76, 0.895), (1.76, 0.903), (1.76, 0.911), (1.76, 0.919), (1.76, 0.926), (1.76, 0.934), (1.76, 0.942), (1.76, 0.95), (1.76, 0.958))"
"('grid4FR', 'U1S', 'MCTS', False)",2.47,3.328,"((0.17, 0.003), (1.04, 0.077), (0.92, 0.102), (0.92, 0.128), (0.92, 0.154), (0.92, 0.18), (0.92, 0.205), (0.92, 0.231), (0.92, 0.257), (0.92, 0.351), (1.88, 0.488), (1.79, 0.624), (1.79, 0.762), (1.79, 0.899), (1.79, 1.234), (1.79, 1.385), (1.79, 1.532), (1.79, 1.599), (1.79, 1.618), (1.79, 1.637), (1.79, 1.656), (1.79, 1.675), (1.79, 1.694), (1.79, 1.714), (1.79, 1.734), (1.79, 1.761), (1.79, 1.781), (1.79, 1.8), (1.79, 1.819), (1.79, 1.839), (1.79, 1.858), (1.79, 1.877), (1.79, 1.897), (1.79, 1.916), (1.79, 1.935), (1.79, 1.955), (1.79, 1.974), (1.79, 1.993), (1.79, 2.013), (1.79, 2.032), (1.79, 2.051), (1.79, 2.07), (1.79, 2.089), (1.79, 2.11), (1.79, 2.145), (1.79, 2.166), (1.79, 2.201), (1.79, 2.22), (1.79, 2.24), (1.79, 2.261), (1.79, 2.281), (1.79, 2.301), (1.79, 2.322), (1.79, 2.342), (1.79, 2.362), (1.79, 2.381), (1.79, 2.405), (2.47, 2.424), (2.47, 2.443), (2.47, 2.463), (2.47, 2.482), (2.47, 2.503), (2.47, 2.522), (2.47, 2.542), (2.47, 2.561), (2.47, 2.581), (2.47, 2.601), (2.47, 2.621), (2.47, 2.64), (2.47, 2.666), (2.47, 2.702), (2.47, 2.724), (2.47, 2.746), (2.47, 2.768), (2.47, 2.79), (2.47, 2.81), (2.47, 2.829), (2.47, 2.85), (2.47, 2.87), (2.47, 2.89), (2.47, 2.914), (2.47, 2.943), (2.47, 2.966), (2.47, 2.986), (2.47, 3.005), (2.47, 3.026), (2.47, 3.047), (2.47, 3.067), (2.47, 3.086), (2.47, 3.106), (2.47, 3.127), (2.47, 3.147), (2.47, 3.166), (2.47, 3.186), (2.47, 3.206), (2.47, 3.226), (2.47, 3.245), (2.47, 3.265), (2.47, 3.285), (2.47, 3.308), (2.47, 3.328))"
"('grid4FR', 'U1S', 'BFS', False)",3.6,-,"((3.6, 60.014),)"
"('grid4FR', 'U1S', 'BNB', False)",3.51,-,"((3.51, 60.0),)"
"('grid3FR', 'U1D', 'MCTS', True)",1.23,1.656,"((0.43, 0.001), (1.23, 0.031), (1.23, 0.048), (1.23, 0.07), (1.23, 0.092), (0.56, 0.109), (0.56, 0.121), (0.56, 0.134), (0.56, 0.149), (1.08, 0.162), (1.08, 0.175), (1.08, 0.189), (1.08, 0.202), (1.08, 0.245), (1.08, 0.288), (1.08, 0.381), (1.08, 0.426), (1.08, 0.471), (1.23, 0.508), (1.23, 0.551), (1.23, 0.626), (1.23, 0.666), (1.23, 0.693), (1.23, 0.715), (1.23, 0.738), (1.23, 0.762), (1.23, 0.786), (1.23, 0.808), (1.23, 0.823), (1.23, 0.835), (1.23, 0.849), (1.23, 0.86), (1.23, 0.871), (1.23, 0.883), (1.23, 0.894), (1.23, 0.905), (1.23, 0.917), (1.23, 0.928), (1.23, 0.939), (1.23, 0.951), (1.23, 0.962), (1.23, 0.974), (1.23, 0.985), (1.23, 0.997), (1.23, 1.008), (1.23, 1.019), (1.23, 1.03), (1.23, 1.043), (1.23, 1.054), (1.23, 1.065), (1.23, 1.078), (1.23, 1.089), (1.23, 1.101), (1.23, 1.112), (1.23, 1.129), (1.23, 1.141), (1.23, 1.152), (1.23, 1.163), (1.23, 1.174), (1.23, 1.186), (1.23, 1.197), (1.23, 1.208), (1.23, 1.22), (1.23, 1.231), (1.23, 1.243), (1.23, 1.254), (1.23, 1.265), (1.23, 1.276), (1.23, 1.288), (1.23, 1.299), (1.23, 1.31), (1.23, 1.322), (1.23, 1.333), (1.23, 1.344), (1.23, 1.355), (1.23, 1.366), (1.23, 1.377), (1.23, 1.389), (1.23, 1.4), (1.23, 1.411), (1.23, 1.422), (1.23, 1.433), (1.23, 1.445), (1.23, 1.456), (1.23, 1.467), (1.23, 1.478), (1.23, 1.489), (1.23, 1.501), (1.23, 1.512), (1.23, 1.523), (1.23, 1.535), (1.23, 1.551), (1.23, 1.566), (1.23, 1.577), (1.23, 1.588), (1.23, 1.6), (1.23, 1.612), (1.23, 1.623), (1.23, 1.634), (1.23, 1.645), (1.23, 1.656))"
"('grid3FR', 'U1S', 'MCTS', True)",1.62,3.171,"((0.43, 0.003), (0.52, 0.069), (0.43, 0.093), (1.23, 0.116), (1.21, 0.139), (1.21, 0.161), (1.21, 0.185), (1.21, 0.21), (1.21, 0.239), (1.21, 0.262), (1.08, 0.285), (0.91, 0.312), (0.91, 0.348), (0.91, 0.529), (0.91, 0.64), (0.91, 0.749), (0.91, 0.864), (0.91, 0.973), (0.91, 1.08), (0.91, 1.186), (0.91, 1.292), (0.91, 1.432), (0.91, 1.54), (0.91, 1.647), (0.91, 1.709), (0.91, 1.728), (0.91, 1.746), (0.91, 1.763), (0.91, 1.785), (0.91, 1.806), (0.91, 1.825), (0.91, 1.843), (0.91, 1.862), (0.91, 1.881), (0.91, 1.905), (0.91, 1.924), (0.91, 1.943), (0.91, 1.962), (0.91, 1.979), (0.91, 1.999), (0.91, 2.019), (0.91, 2.037), (0.91, 2.056), (0.91, 2.076), (0.91, 2.095), (0.91, 2.113), (0.91, 2.132), (0.91, 2.15), (0.91, 2.168), (1.93, 2.194), (1.93, 2.213), (1.93, 2.23), (1.93, 2.248), (1.93, 2.267), (1.93, 2.285), (1.62, 2.304), (1.62, 2.322), (1.62, 2.341), (1.62, 2.359), (1.62, 2.379), (1.62, 2.396), (1.62, 2.414), (1.62, 2.432), (1.62, 2.45), (1.62, 2.469), (1.62, 2.488), (1.62, 2.507), (1.62, 2.526), (1.62, 2.545), (1.62, 2.564), (1.62, 2.587), (1.62, 2.606), (1.62, 2.626), (1.62, 2.645), (1.62, 2.664), (1.62, 2.683), (1.62, 2.702), (1.62, 2.721), (1.62, 2.744), (1.62, 2.77), (1.62, 2.789), (1.62, 2.808), (1.62, 2.827), (1.62, 2.846), (1.62, 2.865), (1.62, 2.884), (1.62, 2.901), (1.62, 2.92), (1.62, 2.94), (1.62, 2.958), (1.62, 2.977), (1.62, 2.996), (1.62, 3.015), (1.62, 3.034), (1.62, 3.054), (1.62, 3.073), (1.62, 3.092), (1.62, 3.11), (1.62, 3.133), (1.62, 3.153), (1.62, 3.171))"
"('grid3FR', 'U1S', 'BFS', True)",2.78,-,"((2.78, 60.006),)"
"('grid3FR', 'U1S', 'BNB', True)",2.78,-,"((2.78, 60.012),)"
"('grid3FR', 'U1D', 'MCTS', False)",1.23,1.82,"((0.43, 0.001), (0.56, 0.014), (1.08, 0.024), (1.08, 0.034), (1.08, 0.056), (1.23, 0.078), (1.23, 0.104), (1.23, 0.114), (1.23, 0.124), (1.23, 0.134), (1.23, 0.143), (1.23, 0.152), (1.23, 0.162), (1.23, 0.171), (1.23, 0.182), (1.23, 0.193), (1.23, 0.202), (1.23, 0.212), (1.23, 0.221), (1.23, 0.231), (1.23, 0.24), (1.23, 0.249), (1.23, 0.258), (1.23, 0.268), (1.23, 0.277), (1.23, 0.286), (1.23, 0.296), (1.23, 0.305), (1.23, 0.314), (1.08, 0.323), (1.08, 0.333), (1.08, 0.342), (1.08, 0.351), (1.08, 0.36), (1.08, 0.37), (1.08, 0.38), (1.08, 0.389), (1.08, 0.399), (1.08, 0.414), (1.08, 0.438), (1.08, 0.462), (1.08, 0.485), (1.08, 0.51), (1.08, 0.534), (1.08, 0.558), (1.08, 0.584), (1.08, 0.608), (0.56, 0.632), (0.56, 0.657), (0.56, 0.681), (0.56, 0.705), (0.56, 0.73), (0.56, 0.754), (0.56, 0.777), (0.56, 0.802), (0.56, 1.084), (0.56, 1.108), (0.56, 1.132), (0.56, 1.155), (0.56, 1.179), (0.56, 1.203), (0.56, 1.226), (0.56, 1.25), (0.56, 1.274), (0.56, 1.359), (0.56, 1.384), (0.56, 1.406), (0.56, 1.428), (0.56, 1.452), (0.56, 1.474), (0.56, 1.495), (0.56, 1.516), (0.56, 1.533), (0.56, 1.543), (0.56, 1.551), (0.56, 1.56), (0.56, 1.569), (0.56, 1.582), (0.56, 1.591), (0.56, 1.6), (0.56, 1.61), (0.56, 1.619), (0.56, 1.627), (0.56, 1.637), (1.23, 1.645), (1.23, 1.654), (1.23, 1.667), (1.23, 1.685), (1.23, 1.701), (1.23, 1.712), (1.23, 1.725), (1.23, 1.735), (1.23, 1.743), (1.23, 1.753), (1.23, 1.763), (1.23, 1.774), (1.23, 1.784), (1.23, 1.792), (1.23, 1.801), (1.23, 1.81), (1.23, 1.82))"
"('grid3FR', 'U1S', 'MCTS', False)",2.37,5.836,"((0.43, 0.002), (1.69, 0.055), (1.69, 0.103), (1.69, 0.157), (1.69, 0.302), (1.69, 0.403), (1.69, 0.498), (1.69, 0.523), (1.69, 0.551), (2.36, 0.584), (2.36, 0.611), (2.36, 0.637), (2.36, 0.663), (2.36, 0.694), (2.36, 0.72), (2.31, 0.746), (2.31, 0.773), (2.31, 0.801), (2.31, 0.827), (2.31, 0.853), (2.31, 0.882), (2.31, 0.909), (2.31, 0.935), (2.31, 0.96), (2.31, 0.986), (2.31, 1.012), (2.31, 1.038), (2.31, 1.064), (2.31, 1.089), (2.31, 1.131), (2.31, 1.177), (2.31, 1.218), (2.31, 1.26), (2.22, 1.302), (2.22, 1.344), (2.22, 1.381), (2.22, 1.409), (2.22, 1.436), (2.28, 1.486), (2.28, 1.754), (2.28, 1.852), (2.28, 1.95), (2.28, 2.046), (2.28, 2.143), (2.28, 2.243), (2.28, 2.346), (2.28, 2.441), (2.28, 2.537), (2.28, 2.635), (2.28, 2.729), (2.28, 2.854), (2.28, 2.969), (2.28, 3.067), (2.28, 3.165), (2.37, 3.291), (2.37, 3.382), (2.37, 3.474), (2.37, 3.566), (2.37, 3.656), (2.37, 3.749), (2.37, 3.842), (2.37, 3.934), (2.37, 4.026), (2.37, 4.119), (2.37, 4.249), (2.37, 4.424), (2.37, 4.598), (2.37, 4.74), (2.37, 4.842), (2.37, 4.974), (2.37, 5.071), (2.37, 5.175), (2.37, 5.267), (2.37, 5.326), (2.37, 5.345), (2.37, 5.363), (2.37, 5.382), (2.37, 5.403), (2.37, 5.423), (2.37, 5.441), (2.37, 5.46), (2.37, 5.478), (2.37, 5.496), (2.37, 5.515), (2.37, 5.533), (2.37, 5.552), (2.37, 5.57), (2.37, 5.589), (2.37, 5.607), (2.37, 5.626), (2.37, 5.644), (2.37, 5.663), (2.37, 5.687), (2.37, 5.706), (2.37, 5.724), (2.37, 5.744), (2.37, 5.763), (2.37, 5.782), (2.37, 5.8), (2.37, 5.818), (2.37, 5.836))"
"('grid3FR', 'U1S', 'BFS', False)",2.87,-,"((2.87, 60.007),)"
"('grid3FR', 'U1S', 'BNB', False)",2.87,-,"((2.87, 60.01),)"
